{"cameraMode":{"drawMode":0,"name":"Shaded","section":"Shading Mode"},"sceneLighting":false,"audioPlay":false,"sceneViewState":{"showFog":true,"showMaterialUpdate":false,"showSkybox":false,"showFlares":true,"showImageEffects":true,"showParticleSystems":true},"in2DMode":false,"pivot":{"x":-0.00000762939453125,"y":-19.5,"z":61.100006103515628},"rotation":{"x":-0.3719346225261688,"y":0.5733357667922974,"z":-0.32660412788391116,"w":-0.6529085636138916},"size":20.457284927368165,"orthographic":false}