{"cameraMode":{"drawMode":0,"name":"Shaded","section":"Shading Mode"},"sceneLighting":false,"audioPlay":false,"sceneViewState":{"showFog":true,"showMaterialUpdate":false,"showSkybox":false,"showFlares":true,"showImageEffects":true,"showParticleSystems":true},"in2DMode":false,"pivot":{"x":0.46999359130859377,"y":11.470001220703125,"z":-11.92999267578125},"rotation":{"x":-0.2160053700208664,"y":0.3091574013233185,"z":-0.07232515513896942,"w":-0.9233264923095703},"size":10.0,"orthographic":false}