{"cameraMode":{"drawMode":0,"name":"Shaded","section":"Shading Mode"},"sceneLighting":false,"audioPlay":false,"sceneViewState":{"showFog":true,"showMaterialUpdate":false,"showSkybox":false,"showFlares":true,"showImageEffects":true,"showParticleSystems":true},"in2DMode":false,"pivot":{"x":-0.8716106414794922,"y":-7.607413291931152,"z":0.2551605701446533},"rotation":{"x":0.09554491192102432,"y":-0.7360095381736755,"z":0.10627119243144989,"w":0.6617178320884705},"size":2.6222145557403566,"orthographic":false}